{"mode": "train", "epoch": 1, "iter": 50, "lr": 0.0003, "memory": 13072, "data_time": 0.45373, "decode.loss_ce": 0.343, "decode.acc_seg": 96.71699, "loss": 0.343, "time": 1.11786}
{"mode": "train", "epoch": 1, "iter": 100, "lr": 0.0003, "memory": 13072, "data_time": 0.43285, "decode.loss_ce": 0.31831, "decode.acc_seg": 98.47194, "loss": 0.31831, "time": 1.08407}
{"mode": "train", "epoch": 1, "iter": 150, "lr": 0.0003, "memory": 13072, "data_time": 0.67215, "decode.loss_ce": 0.31096, "decode.acc_seg": 98.49418, "loss": 0.31096, "time": 1.32949}
